Date,Type,Category,Value
2025-02-08,Exchange Rate,USD to PKR,279.053806
2025-02-08,Inflation,CPI Inflation,30.7681280657005
2025-02-08,Gold,24K  - 1 Tola Gold Rate in Pakistan,Rs. 299700.00
2025-02-08,Gold,24K (10 Gram) Gold Price in Pakistan,Rs. 256948.9
2025-02-08,Gold,24K  Gold  Rate 1 Gram,Rs. 25694.89
2025-02-08,Exchange Rate,USD to PKR,279.074605
2025-02-08,Inflation,CPI Inflation,30.7681280657005
2025-02-08,Gold,24K  - 1 Tola Gold Rate in Pakistan,Rs. 299700.00
2025-02-08,Gold,24K (10 Gram) Gold Price in Pakistan,Rs. 256948.9
2025-02-08,Gold,24K  Gold  Rate 1 Gram,Rs. 25694.89
2025-02-09,Exchange Rate,USD to PKR,278.955012
2025-02-09,Inflation,CPI Inflation,30.7681280657005
2025-02-09,Gold,24K  - 1 Tola Gold Rate in Pakistan,Rs. 299700.00
2025-02-09,Gold,24K (10 Gram) Gold Price in Pakistan,Rs. 256948.9
2025-02-09,Gold,24K  Gold  Rate 1 Gram,Rs. 25694.89
2025-02-10,Exchange Rate,USD to PKR,279.779497
2025-02-10,Inflation,CPI Inflation,30.7681280657005
2025-02-10,Gold,24K  - 1 Tola Gold Rate in Pakistan,Rs. 299700.00
2025-02-10,Gold,24K (10 Gram) Gold Price in Pakistan,Rs. 256948.9
2025-02-10,Gold,24K  Gold  Rate 1 Gram,Rs. 25694.89
2025-02-11,Exchange Rate,USD to PKR,279.415198
2025-02-11,Inflation,CPI Inflation,30.7681280657005
2025-02-11,Gold,24K  - 1 Tola Gold Rate in Pakistan,Rs. 299700.00
2025-02-11,Gold,24K (10 Gram) Gold Price in Pakistan,Rs. 256948.9
2025-02-11,Gold,24K  Gold  Rate 1 Gram,Rs. 25694.89
2025-02-12,Exchange Rate,USD to PKR,279.115269
2025-02-12,Inflation,CPI Inflation,30.7681280657005
2025-02-12,Gold,24K  - 1 Tola Gold Rate in Pakistan,Rs. 299700.00
2025-02-12,Gold,24K (10 Gram) Gold Price in Pakistan,Rs. 256948.9
2025-02-12,Gold,24K  Gold  Rate 1 Gram,Rs. 25694.89
2025-02-13,Exchange Rate,USD to PKR,278.890805
2025-02-13,Inflation,CPI Inflation,30.7681280657005
2025-02-13,Gold,24K  - 1 Tola Gold Rate in Pakistan,Rs. 300700.00
2025-02-13,Gold,24K (10 Gram) Gold Price in Pakistan,Rs. 257806.2
2025-02-13,Gold,24K  Gold  Rate 1 Gram,Rs. 25780.62
2025-02-14,Exchange Rate,USD to PKR,278.583835
2025-02-14,Inflation,CPI Inflation,30.7681280657005
2025-02-14,Gold,24K  - 1 Tola Gold Rate in Pakistan,Rs. 300700.00
2025-02-14,Gold,24K (10 Gram) Gold Price in Pakistan,Rs. 257806.2
2025-02-14,Gold,24K  Gold  Rate 1 Gram,Rs. 25780.62
2025-02-15,Exchange Rate,USD to PKR,279.374528
2025-02-15,Inflation,CPI Inflation,30.7681280657005
2025-02-15,Gold,24K  - 1 Tola Gold Rate in Pakistan,Rs. 300700.00
2025-02-15,Gold,24K (10 Gram) Gold Price in Pakistan,Rs. 257806.2
2025-02-15,Gold,24K  Gold  Rate 1 Gram,Rs. 25780.62
2025-02-16,Exchange Rate,USD to PKR,279.188209
2025-02-16,Inflation,CPI Inflation,30.7681280657005
2025-02-16,Gold,24K  - 1 Tola Gold Rate in Pakistan,Rs. 300700.00
2025-02-16,Gold,24K (10 Gram) Gold Price in Pakistan,Rs. 257806.2
2025-02-16,Gold,24K  Gold  Rate 1 Gram,Rs. 25780.62
2025-02-17,Exchange Rate,USD to PKR,278.667837
2025-02-17,Inflation,CPI Inflation,30.7681280657005
2025-02-17,Gold,24K  - 1 Tola Gold Rate in Pakistan,Rs. 300700.00
2025-02-17,Gold,24K (10 Gram) Gold Price in Pakistan,Rs. 257806.2
2025-02-17,Gold,24K  Gold  Rate 1 Gram,Rs. 25780.62
2025-02-18,Exchange Rate,USD to PKR,279.057050
2025-02-18,Inflation,CPI Inflation,30.7681280657005
2025-02-18,Gold,24K  - 1 Tola Gold Rate in Pakistan,Rs. 300700.00
2025-02-18,Gold,24K (10 Gram) Gold Price in Pakistan,Rs. 257806.2
2025-02-18,Gold,24K  Gold  Rate 1 Gram,Rs. 25780.62
2025-02-19,Exchange Rate,USD to PKR,279.398740
2025-02-19,Inflation,CPI Inflation,30.7681280657005
2025-02-19,Gold,24K  - 1 Tola Gold Rate in Pakistan,Rs. 300700.00
2025-02-19,Gold,24K (10 Gram) Gold Price in Pakistan,Rs. 257806.2
2025-02-19,Gold,24K  Gold  Rate 1 Gram,Rs. 25780.62
2025-02-20,Exchange Rate,USD to PKR,279.440924
2025-02-20,Inflation,CPI Inflation,30.7681280657005
2025-02-20,Gold,24K  - 1 Tola Gold Rate in Pakistan,Rs. 309000.00
2025-02-20,Gold,24K (10 Gram) Gold Price in Pakistan,Rs. 264922.2
2025-02-20,Gold,24K  Gold  Rate 1 Gram,Rs. 26492.22
2025-02-21,Exchange Rate,USD to PKR,279.238793
2025-02-21,Inflation,CPI Inflation,30.7681280657005
2025-02-21,Gold,24K  - 1 Tola Gold Rate in Pakistan,Rs. 309000.00
2025-02-21,Gold,24K (10 Gram) Gold Price in Pakistan,Rs. 264922.2
2025-02-21,Gold,24K  Gold  Rate 1 Gram,Rs. 26492.22
2025-02-22,Exchange Rate,USD to PKR,279.464279
2025-02-22,Inflation,CPI Inflation,30.7681280657005
2025-02-22,Gold,24K  - 1 Tola Gold Rate in Pakistan,Rs. 309400.00
2025-02-22,Gold,24K (10 Gram) Gold Price in Pakistan,Rs. 265265.2
2025-02-22,Gold,24K  Gold  Rate 1 Gram,Rs. 26526.52
2025-02-23,Exchange Rate,USD to PKR,279.479448
2025-02-23,Inflation,CPI Inflation,30.7681280657005
2025-02-23,Gold,24K  - 1 Tola Gold Rate in Pakistan,Rs. 309000.00
2025-02-23,Gold,24K (10 Gram) Gold Price in Pakistan,Rs. 264922.2
2025-02-23,Gold,24K  Gold  Rate 1 Gram,Rs. 26492.22
2025-02-24,Exchange Rate,USD to PKR,279.553654
2025-02-24,Inflation,CPI Inflation,30.7681280657005
2025-02-24,Gold,24K  - 1 Tola Gold Rate in Pakistan,Rs. 309000.00
2025-02-24,Gold,24K (10 Gram) Gold Price in Pakistan,Rs. 264922.2
2025-02-24,Gold,24K  Gold  Rate 1 Gram,Rs. 26492.22
2025-02-25,Exchange Rate,USD to PKR,279.697945
2025-02-25,Inflation,CPI Inflation,30.7681280657005
2025-02-25,Gold,24K  - 1 Tola Gold Rate in Pakistan,Rs. 312600.00
2025-02-25,Gold,24K (10 Gram) Gold Price in Pakistan,Rs. 268008.7
2025-02-25,Gold,24K  Gold  Rate 1 Gram,Rs. 26800.87
2025-02-26,Exchange Rate,USD to PKR,279.433204
2025-02-26,Inflation,CPI Inflation,30.7681280657005
2025-02-26,Gold,24K  - 1 Tola Gold Rate in Pakistan,Rs. 312600.00
2025-02-26,Gold,24K (10 Gram) Gold Price in Pakistan,Rs. 268008.7
2025-02-26,Gold,24K  Gold  Rate 1 Gram,Rs. 26800.87
2025-02-27,Exchange Rate,USD to PKR,279.740734
2025-02-27,Inflation,CPI Inflation,30.7681280657005
2025-02-27,Gold,24K  - 1 Tola Gold Rate in Pakistan,Rs. 311300.00
2025-02-27,Gold,24K (10 Gram) Gold Price in Pakistan,Rs. 266894.2
2025-02-27,Gold,24K  Gold  Rate 1 Gram,Rs. 26689.42
2025-02-28,Exchange Rate,USD to PKR,279.639300
2025-02-28,Inflation,CPI Inflation,30.7681280657005
2025-02-28,Gold,24K  - 1 Tola Gold Rate in Pakistan,Rs. 308500.00
2025-02-28,Gold,24K (10 Gram) Gold Price in Pakistan,Rs. 264493.6
2025-02-28,Gold,24K  Gold  Rate 1 Gram,Rs. 26449.36
2025-03-01,Exchange Rate,USD to PKR,279.671512
2025-03-01,Inflation,CPI Inflation,30.7681280657005
2025-03-01,Gold,24K  - 1 Tola Gold Rate in Pakistan,Rs. 305300.00
2025-03-01,Gold,24K (10 Gram) Gold Price in Pakistan,Rs. 261750
2025-03-01,Gold,24K  Gold  Rate 1 Gram,Rs. 26175
2025-03-02,Exchange Rate,USD to PKR,279.565841
2025-03-02,Inflation,CPI Inflation,30.7681280657005
2025-03-02,Gold,24K  - 1 Tola Gold Rate in Pakistan,Rs. 305300.00
2025-03-02,Gold,24K (10 Gram) Gold Price in Pakistan,Rs. 261750
2025-03-02,Gold,24K  Gold  Rate 1 Gram,Rs. 26175
2025-03-03,Exchange Rate,USD to PKR,279.500299
2025-03-03,Inflation,CPI Inflation,30.7681280657005
2025-03-03,Gold,24K  - 1 Tola Gold Rate in Pakistan,Rs. 305300.00
2025-03-03,Gold,24K (10 Gram) Gold Price in Pakistan,Rs. 261750
2025-03-03,Gold,24K  Gold  Rate 1 Gram,Rs. 26175
2025-03-04,Exchange Rate,USD to PKR,279.628302
2025-03-04,Inflation,CPI Inflation,30.7681280657005
2025-03-04,Gold,24K  - 1 Tola Gold Rate in Pakistan,Rs. 307000.00
2025-03-04,Gold,24K (10 Gram) Gold Price in Pakistan,Rs. 263207.5
2025-03-04,Gold,24K  Gold  Rate 1 Gram,Rs. 26320.75
2025-03-05,Exchange Rate,USD to PKR,279.233076
2025-03-05,Inflation,CPI Inflation,30.7681280657005
2025-03-05,Gold,24K  - 1 Tola Gold Rate in Pakistan,Rs. 309300.00
2025-03-05,Gold,24K (10 Gram) Gold Price in Pakistan,Rs. 265179.4
2025-03-05,Gold,24K  Gold  Rate 1 Gram,Rs. 26517.94
2025-03-06,Exchange Rate,USD to PKR,277.281245
2025-03-06,Inflation,CPI Inflation,30.7681280657005
2025-03-06,Gold,24K  - 1 Tola Gold Rate in Pakistan,Rs. 310900.00
2025-03-06,Gold,24K (10 Gram) Gold Price in Pakistan,Rs. 266551.2
2025-03-06,Gold,24K  Gold  Rate 1 Gram,Rs. 26655.12
2025-03-07,Exchange Rate,USD to PKR,279.611622
2025-03-07,Inflation,CPI Inflation,30.7681280657005
2025-03-07,Gold,24K  - 1 Tola Gold Rate in Pakistan,Rs. 309500.00
2025-03-07,Gold,24K (10 Gram) Gold Price in Pakistan,Rs. 265350.9
2025-03-07,Gold,24K  Gold  Rate 1 Gram,Rs. 26535.09
2025-03-08,Exchange Rate,USD to PKR,279.932771
2025-03-08,Inflation,CPI Inflation,30.7681280657005
2025-03-08,Gold,24K  - 1 Tola Gold Rate in Pakistan,Rs. 309500.00
2025-03-08,Gold,24K (10 Gram) Gold Price in Pakistan,Rs. 265350.9
2025-03-08,Gold,24K  Gold  Rate 1 Gram,Rs. 26535.09
2025-03-09,Exchange Rate,USD to PKR,279.868265
2025-03-09,Inflation,CPI Inflation,30.7681280657005
2025-03-09,Gold,24K  - 1 Tola Gold Rate in Pakistan,Rs. 309500.00
2025-03-09,Gold,24K (10 Gram) Gold Price in Pakistan,Rs. 265350.9
2025-03-09,Gold,24K  Gold  Rate 1 Gram,Rs. 26535.09
2025-03-10,Exchange Rate,USD to PKR,280.170550
2025-03-10,Inflation,CPI Inflation,30.7681280657005
2025-03-10,Gold,24K  - 1 Tola Gold Rate in Pakistan,Rs. 309500.00
2025-03-10,Gold,24K (10 Gram) Gold Price in Pakistan,Rs. 265350.9
2025-03-10,Gold,24K  Gold  Rate 1 Gram,Rs. 26535.09
2025-03-11,Exchange Rate,USD to PKR,280.061899
2025-03-11,Inflation,CPI Inflation,30.7681280657005
2025-03-11,Gold,24K  - 1 Tola Gold Rate in Pakistan,Rs. 309500.00
2025-03-11,Gold,24K (10 Gram) Gold Price in Pakistan,Rs. 265350.9
2025-03-11,Gold,24K  Gold  Rate 1 Gram,Rs. 26535.09
2025-03-12,Exchange Rate,USD to PKR,280.344647
2025-03-12,Inflation,CPI Inflation,30.7681280657005
2025-03-12,Gold,24K  - 1 Tola Gold Rate in Pakistan,Rs. 308700.00
2025-03-12,Gold,24K (10 Gram) Gold Price in Pakistan,Rs. 264665
2025-03-12,Gold,24K  Gold  Rate 1 Gram,Rs. 26466.5
2025-03-13,Exchange Rate,USD to PKR,280.195352
2025-03-13,Inflation,CPI Inflation,30.7681280657005
2025-03-13,Gold,24K  - 1 Tola Gold Rate in Pakistan,Rs. 308600.00
2025-03-13,Gold,24K (10 Gram) Gold Price in Pakistan,Rs. 264579.3
2025-03-13,Gold,24K  Gold  Rate 1 Gram,Rs. 26457.93
2025-03-14,Exchange Rate,USD to PKR,280.158362
2025-03-14,Inflation,CPI Inflation,30.7681280657005
2025-03-14,Gold,24K  - 1 Tola Gold Rate in Pakistan,Rs. 311450.00
2025-03-14,Gold,24K (10 Gram) Gold Price in Pakistan,Rs. 267022.8
2025-03-14,Gold,24K  Gold  Rate 1 Gram,Rs. 26702.28
2025-03-15,Exchange Rate,USD to PKR,280.127991
2025-03-15,Inflation,CPI Inflation,30.7681280657005
2025-03-15,Gold,24K  - 1 Tola Gold Rate in Pakistan,Rs. 315200.00
2025-03-15,Gold,24K (10 Gram) Gold Price in Pakistan,Rs. 270237.8
2025-03-15,Gold,24K  Gold  Rate 1 Gram,Rs. 27023.78
2025-03-16,Exchange Rate,USD to PKR,280.039455
2025-03-16,Inflation,CPI Inflation,30.7681280657005
2025-03-16,Gold,24K  - 1 Tola Gold Rate in Pakistan,Rs. 315200.00
2025-03-16,Gold,24K (10 Gram) Gold Price in Pakistan,Rs. 270237.8
2025-03-16,Gold,24K  Gold  Rate 1 Gram,Rs. 27023.78
2025-03-17,Exchange Rate,USD to PKR,279.810061
2025-03-17,Inflation,CPI Inflation,30.7681280657005
2025-03-17,Gold,24K  - 1 Tola Gold Rate in Pakistan,Rs. 315200.00
2025-03-17,Gold,24K (10 Gram) Gold Price in Pakistan,Rs. 270237.8
2025-03-17,Gold,24K  Gold  Rate 1 Gram,Rs. 27023.78
2025-03-18,Exchange Rate,USD to PKR,280.056205
2025-03-18,Inflation,CPI Inflation,30.7681280657005
2025-03-18,Gold,24K  - 1 Tola Gold Rate in Pakistan,Rs. 314500.00
2025-03-18,Gold,24K (10 Gram) Gold Price in Pakistan,Rs. 269637.7
2025-03-18,Gold,24K  Gold  Rate 1 Gram,Rs. 26963.77
2025-03-19,Exchange Rate,USD to PKR,280.101674
2025-03-19,Inflation,CPI Inflation,30.7681280657005
2025-03-19,Gold,24K  - 1 Tola Gold Rate in Pakistan,Rs. 314500.00
2025-03-19,Gold,24K (10 Gram) Gold Price in Pakistan,Rs. 269637.7
2025-03-19,Gold,24K  Gold  Rate 1 Gram,Rs. 26963.77
2025-03-20,Exchange Rate,USD to PKR,280.232010
2025-03-20,Inflation,CPI Inflation,30.7681280657005
2025-03-20,Gold,24K  - 1 Tola Gold Rate in Pakistan,Rs. 319800.00
2025-03-20,Gold,24K (10 Gram) Gold Price in Pakistan,Rs. 274181.7
2025-03-20,Gold,24K  Gold  Rate 1 Gram,Rs. 27418.17
2025-03-21,Exchange Rate,USD to PKR,280.146091
2025-03-21,Inflation,CPI Inflation,30.7681280657005
2025-03-21,Gold,24K  - 1 Tola Gold Rate in Pakistan,Rs. 319450.00
2025-03-21,Gold,24K (10 Gram) Gold Price in Pakistan,Rs. 273881.6
2025-03-21,Gold,24K  Gold  Rate 1 Gram,Rs. 27388.16
2025-03-22,Exchange Rate,USD to PKR,280.221509
2025-03-22,Inflation,CPI Inflation,30.7681280657005
2025-03-22,Gold,24K  - 1 Tola Gold Rate in Pakistan,Rs. 319600.00
2025-03-22,Gold,24K (10 Gram) Gold Price in Pakistan,Rs. 274010.2
2025-03-22,Gold,24K  Gold  Rate 1 Gram,Rs. 27401.02
2025-03-23,Exchange Rate,USD to PKR,280.180765
2025-03-23,Inflation,CPI Inflation,30.7681280657005
2025-03-23,Gold,24K  - 1 Tola Gold Rate in Pakistan,Rs. 319600.00
2025-03-23,Gold,24K (10 Gram) Gold Price in Pakistan,Rs. 274010.2
2025-03-23,Gold,24K  Gold  Rate 1 Gram,Rs. 27401.02
2025-03-24,Exchange Rate,USD to PKR,280.239068
2025-03-24,Inflation,CPI Inflation,30.7681280657005
2025-03-24,Gold,24K  - 1 Tola Gold Rate in Pakistan,Rs.
2025-03-24,Gold,24K (10 Gram) Gold Price in Pakistan,Rs. 0
2025-03-24,Gold,24K  Gold  Rate 1 Gram,Rs. 0
2025-03-25,Exchange Rate,USD to PKR,280.507574
2025-03-25,Inflation,CPI Inflation,30.7681280657005
2025-03-25,Gold,24K  - 1 Tola Gold Rate in Pakistan,Rs.
2025-03-25,Gold,24K (10 Gram) Gold Price in Pakistan,Rs. 0
2025-03-25,Gold,24K  Gold  Rate 1 Gram,Rs. 0
2025-03-26,Exchange Rate,USD to PKR,280.400093
2025-03-26,Inflation,CPI Inflation,30.7681280657005
2025-03-26,Gold,24K  - 1 Tola Gold Rate in Pakistan,Rs. 319500.00
2025-03-26,Gold,24K (10 Gram) Gold Price in Pakistan,Rs. 273924.5
2025-03-26,Gold,24K  Gold  Rate 1 Gram,Rs. 27392.45
2025-03-27,Exchange Rate,USD to PKR,280.445146
2025-03-27,Inflation,CPI Inflation,30.7681280657005
2025-03-27,Gold,24K  - 1 Tola Gold Rate in Pakistan,Rs. 319700.00
2025-03-27,Gold,24K (10 Gram) Gold Price in Pakistan,Rs. 274095.9
2025-03-27,Gold,24K  Gold  Rate 1 Gram,Rs. 27409.59
2025-03-28,Exchange Rate,USD to PKR,280.141492
2025-03-28,Inflation,CPI Inflation,30.7681280657005
2025-03-28,Gold,24K  - 1 Tola Gold Rate in Pakistan,Rs. 321400.00
2025-03-28,Gold,24K (10 Gram) Gold Price in Pakistan,Rs. 275553.4
2025-03-28,Gold,24K  Gold  Rate 1 Gram,Rs. 27555.34
2025-03-29,Exchange Rate,USD to PKR,280.182110
2025-03-29,Inflation,CPI Inflation,30.7681280657005
2025-03-29,Gold,24K  - 1 Tola Gold Rate in Pakistan,Rs. 325800.00
2025-03-29,Gold,24K (10 Gram) Gold Price in Pakistan,Rs. 279325.8
2025-03-29,Gold,24K  Gold  Rate 1 Gram,Rs. 27932.58
2025-03-30,Exchange Rate,USD to PKR,280.043952
2025-03-30,Inflation,CPI Inflation,30.7681280657005
2025-03-30,Gold,24K  - 1 Tola Gold Rate in Pakistan,Rs. 325800.00
2025-03-30,Gold,24K (10 Gram) Gold Price in Pakistan,Rs. 279325.8
2025-03-30,Gold,24K  Gold  Rate 1 Gram,Rs. 27932.58
2025-03-31,Exchange Rate,USD to PKR,278.222096
2025-03-31,Inflation,CPI Inflation,30.7681280657005
2025-03-31,Gold,24K  - 1 Tola Gold Rate in Pakistan,Rs. 325800.00
2025-03-31,Gold,24K (10 Gram) Gold Price in Pakistan,Rs. 279325.8
2025-03-31,Gold,24K  Gold  Rate 1 Gram,Rs. 27932.58
2025-04-01,Exchange Rate,USD to PKR,279.666955
2025-04-01,Inflation,CPI Inflation,30.7681280657005
2025-04-01,Gold,24K  - 1 Tola Gold Rate in Pakistan,Rs. 325800.00
2025-04-01,Gold,24K (10 Gram) Gold Price in Pakistan,Rs. 279325.8
2025-04-01,Gold,24K  Gold  Rate 1 Gram,Rs. 27932.58
2025-04-02,Exchange Rate,USD to PKR,280.119026
2025-04-02,Inflation,CPI Inflation,30.7681280657005
2025-04-02,Gold,24K  - 1 Tola Gold Rate in Pakistan,Rs. 325800.00
2025-04-02,Gold,24K (10 Gram) Gold Price in Pakistan,Rs. 279325.8
2025-04-02,Gold,24K  Gold  Rate 1 Gram,Rs. 27932.58
2025-04-03,Exchange Rate,USD to PKR,280.180776
2025-04-03,Inflation,CPI Inflation,30.7681280657005
2025-04-03,Gold,24K  - 1 Tola Gold Rate in Pakistan,Rs. 325800.00
2025-04-03,Gold,24K (10 Gram) Gold Price in Pakistan,Rs. 279325.8
2025-04-03,Gold,24K  Gold  Rate 1 Gram,Rs. 27932.58
2025-04-04,Exchange Rate,USD to PKR,280.350611
2025-04-04,Inflation,CPI Inflation,30.7681280657005
2025-04-04,Gold,24K  - 1 Tola Gold Rate in Pakistan,Rs. 332300.00
2025-04-04,Gold,24K (10 Gram) Gold Price in Pakistan,Rs. 284898.6
2025-04-04,Gold,24K  Gold  Rate 1 Gram,Rs. 28489.86
2025-04-05,Exchange Rate,USD to PKR,280.608884
2025-04-05,Inflation,CPI Inflation,30.7681280657005
2025-04-05,Gold,24K  - 1 Tola Gold Rate in Pakistan,Rs. 331600.00
2025-04-05,Gold,24K (10 Gram) Gold Price in Pakistan,Rs. 284298.4
2025-04-05,Gold,24K  Gold  Rate 1 Gram,Rs. 28429.84
2025-04-06,Exchange Rate,USD to PKR,280.344155
2025-04-06,Inflation,CPI Inflation,30.7681280657005
2025-04-06,Gold,24K  - 1 Tola Gold Rate in Pakistan,Rs. 331600.00
2025-04-06,Gold,24K (10 Gram) Gold Price in Pakistan,Rs. 284298.4
2025-04-06,Gold,24K  Gold  Rate 1 Gram,Rs. 28429.84
2025-04-07,Exchange Rate,USD to PKR,280.315294
2025-04-07,Inflation,CPI Inflation,30.7681280657005
2025-04-07,Gold,24K  - 1 Tola Gold Rate in Pakistan,Rs. 331600.00
2025-04-07,Gold,24K (10 Gram) Gold Price in Pakistan,Rs. 284298.4
2025-04-07,Gold,24K  Gold  Rate 1 Gram,Rs. 28429.84
2025-04-08,Exchange Rate,USD to PKR,280.753105
2025-04-08,Inflation,CPI Inflation,30.7681280657005
2025-04-08,Gold,24K  - 1 Tola Gold Rate in Pakistan,Rs. 328100.00
2025-04-08,Gold,24K (10 Gram) Gold Price in Pakistan,Rs. 281297.7
2025-04-08,Gold,24K  Gold  Rate 1 Gram,Rs. 28129.77
2025-04-09,Exchange Rate,USD to PKR,280.859025
2025-04-09,Inflation,CPI Inflation,30.7681280657005
2025-04-09,Gold,24K  - 1 Tola Gold Rate in Pakistan,Rs. 328100.00
2025-04-09,Gold,24K (10 Gram) Gold Price in Pakistan,Rs. 281297.7
2025-04-09,Gold,24K  Gold  Rate 1 Gram,Rs. 28129.77
2025-04-10,Exchange Rate,USD to PKR,280.934016
2025-04-10,Inflation,CPI Inflation,30.7681280657005
2025-04-10,Gold,24K  - 1 Tola Gold Rate in Pakistan,Rs. 328500.00
2025-04-10,Gold,24K (10 Gram) Gold Price in Pakistan,Rs. 281640.6
2025-04-10,Gold,24K  Gold  Rate 1 Gram,Rs. 28164.06
2025-04-11,Exchange Rate,USD to PKR,280.571136
2025-04-11,Inflation,CPI Inflation,30.7681280657005
2025-04-11,Gold,24K  - 1 Tola Gold Rate in Pakistan,Rs. 333650.00
2025-04-11,Gold,24K (10 Gram) Gold Price in Pakistan,Rs. 286056
2025-04-11,Gold,24K  Gold  Rate 1 Gram,Rs. 28605.6
2025-04-12,Exchange Rate,USD to PKR,280.636800
2025-04-12,Inflation,CPI Inflation,30.7681280657005
2025-04-12,Gold,24K  - 1 Tola Gold Rate in Pakistan,Rs. 333650.00
2025-04-12,Gold,24K (10 Gram) Gold Price in Pakistan,Rs. 286056
2025-04-12,Gold,24K  Gold  Rate 1 Gram,Rs. 28605.6
2025-04-13,Exchange Rate,USD to PKR,280.576705
2025-04-13,Inflation,CPI Inflation,30.7681280657005
2025-04-13,Gold,24K  - 1 Tola Gold Rate in Pakistan,Rs. 333650.00
2025-04-13,Gold,24K (10 Gram) Gold Price in Pakistan,Rs. 286056
2025-04-13,Gold,24K  Gold  Rate 1 Gram,Rs. 28605.6
2025-04-14,Exchange Rate,USD to PKR,280.180164
2025-04-14,Inflation,CPI Inflation,30.7681280657005
2025-04-14,Gold,24K  - 1 Tola Gold Rate in Pakistan,Rs. 333650.00
2025-04-14,Gold,24K (10 Gram) Gold Price in Pakistan,Rs. 286056
2025-04-14,Gold,24K  Gold  Rate 1 Gram,Rs. 28605.6
2025-04-15,Exchange Rate,USD to PKR,280.380931
2025-04-15,Inflation,CPI Inflation,12.6325318530452
2025-04-15,Gold,24K  - 1 Tola Gold Rate in Pakistan,Rs. 341600.00
2025-04-15,Gold,24K (10 Gram) Gold Price in Pakistan,Rs. 292872
2025-04-15,Gold,24K  Gold  Rate 1 Gram,Rs. 29287.2
2025-04-16,Exchange Rate,USD to PKR,280.430430
2025-04-16,Inflation,CPI Inflation,12.6325318530452
2025-04-16,Gold,24K  - 1 Tola Gold Rate in Pakistan,Rs. 343300.00
2025-04-16,Gold,24K (10 Gram) Gold Price in Pakistan,Rs. 294329.5
2025-04-16,Gold,24K  Gold  Rate 1 Gram,Rs. 29432.95
2025-04-17,Exchange Rate,USD to PKR,280.451047
2025-04-17,Inflation,CPI Inflation,12.6325318530452
2025-04-17,Gold,24K  - 1 Tola Gold Rate in Pakistan,Rs. 352300.00
2025-04-17,Gold,24K (10 Gram) Gold Price in Pakistan,Rs. 302045.6
2025-04-17,Gold,24K  Gold  Rate 1 Gram,Rs. 30204.56
2025-04-18,Exchange Rate,USD to PKR,280.627460
2025-04-18,Inflation,CPI Inflation,12.6325318530452
2025-04-18,Gold,24K  - 1 Tola Gold Rate in Pakistan,Rs. 358000.00
2025-04-18,Gold,24K (10 Gram) Gold Price in Pakistan,Rs. 306932.6
2025-04-18,Gold,24K  Gold  Rate 1 Gram,Rs. 30693.26
2025-04-19,Exchange Rate,USD to PKR,281.031354
2025-04-19,Inflation,CPI Inflation,12.6325318530452
2025-04-19,Gold,24K  - 1 Tola Gold Rate in Pakistan,Rs. 360400.00
2025-04-19,Gold,24K (10 Gram) Gold Price in Pakistan,Rs. 308990.2
2025-04-19,Gold,24K  Gold  Rate 1 Gram,Rs. 30899.02
2025-04-20,Exchange Rate,USD to PKR,280.593610
2025-04-20,Inflation,CPI Inflation,12.6325318530452
2025-04-20,Gold,24K  - 1 Tola Gold Rate in Pakistan,Rs. 360400.00
2025-04-20,Gold,24K (10 Gram) Gold Price in Pakistan,Rs. 308990.2
2025-04-20,Gold,24K  Gold  Rate 1 Gram,Rs. 30899.02
2025-04-21,Exchange Rate,USD to PKR,280.619469
2025-04-21,Inflation,CPI Inflation,12.6325318530452
2025-04-21,Gold,24K  - 1 Tola Gold Rate in Pakistan,Rs. 360400.00
2025-04-21,Gold,24K (10 Gram) Gold Price in Pakistan,Rs. 308990.2
2025-04-21,Gold,24K  Gold  Rate 1 Gram,Rs. 30899.02
2025-04-22,Exchange Rate,USD to PKR,280.813478
2025-04-22,Inflation,CPI Inflation,12.6325318530452
2025-04-22,Gold,24K  - 1 Tola Gold Rate in Pakistan,Rs. 379100.00
2025-04-22,Gold,24K (10 Gram) Gold Price in Pakistan,Rs. 325022.7
2025-04-22,Gold,24K  Gold  Rate 1 Gram,Rs. 32502.27
2025-04-23,Exchange Rate,USD to PKR,282.097981
2025-04-23,Inflation,CPI Inflation,12.6325318530452
2025-04-23,Gold,24K  - 1 Tola Gold Rate in Pakistan,Rs. 390100.00
2025-04-23,Gold,24K (10 Gram) Gold Price in Pakistan,Rs. 334453.6
2025-04-23,Gold,24K  Gold  Rate 1 Gram,Rs. 33445.36
2025-04-24,Exchange Rate,USD to PKR,281.123719
2025-04-24,Inflation,CPI Inflation,12.6325318530452
2025-04-24,Gold,24K  - 1 Tola Gold Rate in Pakistan,Rs. 379100.00
2025-04-24,Gold,24K (10 Gram) Gold Price in Pakistan,Rs. 325022.7
2025-04-24,Gold,24K  Gold  Rate 1 Gram,Rs. 32502.27
2025-04-25,Exchange Rate,USD to PKR,281.428256
2025-04-25,Inflation,CPI Inflation,12.6325318530452
2025-04-25,Gold,24K  - 1 Tola Gold Rate in Pakistan,Rs. 376600.00
2025-04-25,Gold,24K (10 Gram) Gold Price in Pakistan,Rs. 322879.3
2025-04-25,Gold,24K  Gold  Rate 1 Gram,Rs. 32287.93
2025-04-26,Exchange Rate,USD to PKR,281.154615
2025-04-26,Inflation,CPI Inflation,12.6325318530452
2025-04-26,Gold,24K  - 1 Tola Gold Rate in Pakistan,Rs. 368900.00
2025-04-26,Gold,24K (10 Gram) Gold Price in Pakistan,Rs. 316277.7
2025-04-26,Gold,24K  Gold  Rate 1 Gram,Rs. 31627.77
2025-04-27,Exchange Rate,USD to PKR,280.969853
2025-04-27,Inflation,CPI Inflation,12.6325318530452
2025-04-27,Gold,24K  - 1 Tola Gold Rate in Pakistan,Rs. 374200.00
2025-04-27,Gold,24K (10 Gram) Gold Price in Pakistan,Rs. 320821.7
2025-04-27,Gold,24K  Gold  Rate 1 Gram,Rs. 32082.17
2025-04-28,Exchange Rate,USD to PKR,281.145871
2025-04-28,Inflation,CPI Inflation,12.6325318530452
2025-04-28,Gold,24K  - 1 Tola Gold Rate in Pakistan,Rs. 374200.00
2025-04-28,Gold,24K (10 Gram) Gold Price in Pakistan,Rs. 320821.7
2025-04-28,Gold,24K  Gold  Rate 1 Gram,Rs. 32082.17
2025-04-29,Exchange Rate,USD to PKR,280.492104
2025-04-29,Inflation,CPI Inflation,12.6325318530452
2025-04-29,Gold,24K  - 1 Tola Gold Rate in Pakistan,Rs. 371400.00
2025-04-29,Gold,24K (10 Gram) Gold Price in Pakistan,Rs. 318421.1
2025-04-29,Gold,24K  Gold  Rate 1 Gram,Rs. 31842.11
2025-04-30,Exchange Rate,USD to PKR,280.887889
2025-04-30,Inflation,CPI Inflation,12.6325318530452
2025-04-30,Gold,24K  - 1 Tola Gold Rate in Pakistan,Rs. 370550.00
2025-04-30,Gold,24K (10 Gram) Gold Price in Pakistan,Rs. 317692.3
2025-04-30,Gold,24K  Gold  Rate 1 Gram,Rs. 31769.23
2025-05-01,Exchange Rate,USD to PKR,281.979508
2025-05-01,Inflation,CPI Inflation,12.6325318530452
2025-05-01,Gold,24K  - 1 Tola Gold Rate in Pakistan,Rs. 368100.00
2025-05-01,Gold,24K (10 Gram) Gold Price in Pakistan,Rs. 315591.8
2025-05-01,Gold,24K  Gold  Rate 1 Gram,Rs. 31559.18
2025-05-02,Exchange Rate,USD to PKR,281.191164
2025-05-02,Inflation,CPI Inflation,12.6325318530452
2025-05-02,Gold,24K  - 1 Tola Gold Rate in Pakistan,Rs. 368100.00
2025-05-02,Gold,24K (10 Gram) Gold Price in Pakistan,Rs. 315591.8
2025-05-02,Gold,24K  Gold  Rate 1 Gram,Rs. 31559.18
2025-05-03,Exchange Rate,USD to PKR,281.122613
2025-05-03,Inflation,CPI Inflation,12.6325318530452
2025-05-03,Gold,24K  - 1 Tola Gold Rate in Pakistan,Rs. 357900.00
2025-05-03,Gold,24K (10 Gram) Gold Price in Pakistan,Rs. 306846.8
2025-05-03,Gold,24K  Gold  Rate 1 Gram,Rs. 30684.68
2025-05-04,Exchange Rate,USD to PKR,281.213429
2025-05-04,Inflation,CPI Inflation,12.6325318530452
2025-05-04,Gold,24K  - 1 Tola Gold Rate in Pakistan,Rs. 353600.00
2025-05-04,Gold,24K (10 Gram) Gold Price in Pakistan,Rs. 303160.2
2025-05-04,Gold,24K  Gold  Rate 1 Gram,Rs. 30316.02
2025-05-05,Exchange Rate,USD to PKR,281.319285
2025-05-05,Inflation,CPI Inflation,12.6325318530452
2025-05-05,Gold,24K  - 1 Tola Gold Rate in Pakistan,Rs. 353600.00
2025-05-05,Gold,24K (10 Gram) Gold Price in Pakistan,Rs. 303160.2
2025-05-05,Gold,24K  Gold  Rate 1 Gram,Rs. 30316.02
2025-05-06,Exchange Rate,USD to PKR,281.291396
2025-05-06,Inflation,CPI Inflation,12.6325318530452
2025-05-06,Gold,24K  - 1 Tola Gold Rate in Pakistan,Rs. 360100.00
2025-05-06,Gold,24K (10 Gram) Gold Price in Pakistan,Rs. 308733
2025-05-06,Gold,24K  Gold  Rate 1 Gram,Rs. 30873.3
2025-05-07,Exchange Rate,USD to PKR,281.401196
2025-05-07,Inflation,CPI Inflation,12.6325318530452
2025-05-07,Gold,24K  - 1 Tola Gold Rate in Pakistan,Rs. 364800.00
2025-05-07,Gold,24K (10 Gram) Gold Price in Pakistan,Rs. 312762.6
2025-05-07,Gold,24K  Gold  Rate 1 Gram,Rs. 31276.26
2025-05-08,Exchange Rate,USD to PKR,281.479796
2025-05-08,Inflation,CPI Inflation,12.6325318530452
2025-05-08,Gold,24K  - 1 Tola Gold Rate in Pakistan,Rs. 368100.00
2025-05-08,Gold,24K (10 Gram) Gold Price in Pakistan,Rs. 315591.8
2025-05-08,Gold,24K  Gold  Rate 1 Gram,Rs. 31559.18
2025-05-09,Exchange Rate,USD to PKR,281.514051
2025-05-09,Inflation,CPI Inflation,12.6325318530452
2025-05-09,Gold,24K  - 1 Tola Gold Rate in Pakistan,Rs. 367500.00
2025-05-09,Gold,24K (10 Gram) Gold Price in Pakistan,Rs. 315077.4
2025-05-09,Gold,24K  Gold  Rate 1 Gram,Rs. 31507.74
2025-05-10,Exchange Rate,USD to PKR,281.189447
2025-05-10,Inflation,CPI Inflation,12.6325318530452
2025-05-10,Gold,24K  - 1 Tola Gold Rate in Pakistan,Rs. 363100.00
2025-05-10,Gold,24K (10 Gram) Gold Price in Pakistan,Rs. 311305.1
2025-05-10,Gold,24K  Gold  Rate 1 Gram,Rs. 31130.51
2025-05-11,Exchange Rate,USD to PKR,281.390573
2025-05-11,Inflation,CPI Inflation,12.6325318530452
2025-05-11,Gold,24K  - 1 Tola Gold Rate in Pakistan,Rs. 362600.00
2025-05-11,Gold,24K (10 Gram) Gold Price in Pakistan,Rs. 310876.4
2025-05-11,Gold,24K  Gold  Rate 1 Gram,Rs. 31087.64
2025-05-12,Exchange Rate,USD to PKR,281.451115
2025-05-12,Inflation,CPI Inflation,12.6325318530452
2025-05-12,Gold,24K  - 1 Tola Gold Rate in Pakistan,Rs. 362600.00
2025-05-12,Gold,24K (10 Gram) Gold Price in Pakistan,Rs. 310876.4
2025-05-12,Gold,24K  Gold  Rate 1 Gram,Rs. 31087.64
2025-05-13,Exchange Rate,USD to PKR,281.380653
2025-05-13,Inflation,CPI Inflation,12.6325318530452
2025-05-13,Gold,24K  - 1 Tola Gold Rate in Pakistan,Rs. 348800.00
2025-05-13,Gold,24K (10 Gram) Gold Price in Pakistan,Rs. 299044.9
2025-05-13,Gold,24K  Gold  Rate 1 Gram,Rs. 29904.49
2025-05-14,Exchange Rate,USD to PKR,281.551540
2025-05-14,Inflation,CPI Inflation,12.6325318530452
2025-05-14,Gold,24K  - 1 Tola Gold Rate in Pakistan,Rs. 347100.00
2025-05-14,Gold,24K (10 Gram) Gold Price in Pakistan,Rs. 297587.4
2025-05-14,Gold,24K  Gold  Rate 1 Gram,Rs. 29758.74
2025-05-15,Exchange Rate,USD to PKR,281.651471
2025-05-15,Inflation,CPI Inflation,12.6325318530452
2025-05-15,Gold,24K  - 1 Tola Gold Rate in Pakistan,Rs. 342600.00
2025-05-15,Gold,24K (10 Gram) Gold Price in Pakistan,Rs. 293729.3
2025-05-15,Gold,24K  Gold  Rate 1 Gram,Rs. 29372.93
2025-05-16,Exchange Rate,USD to PKR,281.611337
2025-05-16,Inflation,CPI Inflation,12.6325318530452
2025-05-16,Gold,24K  - 1 Tola Gold Rate in Pakistan,Rs. 343600.00
2025-05-16,Gold,24K (10 Gram) Gold Price in Pakistan,Rs. 294586.7
2025-05-16,Gold,24K  Gold  Rate 1 Gram,Rs. 29458.67
2025-05-17,Exchange Rate,USD to PKR,281.651785
2025-05-17,Inflation,CPI Inflation,12.6325318530452
2025-05-17,Gold,24K  - 1 Tola Gold Rate in Pakistan,Rs. 341300.00
2025-05-17,Gold,24K (10 Gram) Gold Price in Pakistan,Rs. 292614.8
2025-05-17,Gold,24K  Gold  Rate 1 Gram,Rs. 29261.48
2025-05-18,Exchange Rate,USD to PKR,281.543231
2025-05-18,Inflation,CPI Inflation,12.6325318530452
2025-05-18,Gold,24K  - 1 Tola Gold Rate in Pakistan,Rs. 341300.00
2025-05-18,Gold,24K (10 Gram) Gold Price in Pakistan,Rs. 292614.8
2025-05-18,Gold,24K  Gold  Rate 1 Gram,Rs. 29261.48
2025-05-19,Exchange Rate,USD to PKR,281.798209
2025-05-19,Inflation,CPI Inflation,12.6325318530452
2025-05-19,Gold,24K  - 1 Tola Gold Rate in Pakistan,Rs. 341300.00
2025-05-19,Gold,24K (10 Gram) Gold Price in Pakistan,Rs. 292614.8
2025-05-19,Gold,24K  Gold  Rate 1 Gram,Rs. 29261.48
2025-05-20,Exchange Rate,USD to PKR,282.357060
2025-05-20,Inflation,CPI Inflation,12.6325318530452
2025-05-20,Gold,24K  - 1 Tola Gold Rate in Pakistan,Rs. 341800.00
2025-05-20,Gold,24K (10 Gram) Gold Price in Pakistan,Rs. 293043.4
2025-05-20,Gold,24K  Gold  Rate 1 Gram,Rs. 29304.34
2025-05-21,Exchange Rate,USD to PKR,281.833702
2025-05-21,Inflation,CPI Inflation,12.6325318530452
2025-05-21,Gold,24K  - 1 Tola Gold Rate in Pakistan,Rs. 341300.00
2025-05-21,Gold,24K (10 Gram) Gold Price in Pakistan,Rs. 292614.8
2025-05-21,Gold,24K  Gold  Rate 1 Gram,Rs. 29261.48
2025-05-22,Exchange Rate,USD to PKR,282.046209
2025-05-22,Inflation,CPI Inflation,12.6325318530452
2025-05-22,Gold,24K  - 1 Tola Gold Rate in Pakistan,Rs. 347900.00
2025-05-22,Gold,24K (10 Gram) Gold Price in Pakistan,Rs. 298273.3
2025-05-22,Gold,24K  Gold  Rate 1 Gram,Rs. 29827.33
2025-05-23,Exchange Rate,USD to PKR,281.895879
2025-05-23,Inflation,CPI Inflation,12.6325318530452
2025-05-23,Gold,24K  - 1 Tola Gold Rate in Pakistan,Rs. 348100.00
2025-05-23,Gold,24K (10 Gram) Gold Price in Pakistan,Rs. 298444.8
2025-05-23,Gold,24K  Gold  Rate 1 Gram,Rs. 29844.48
2025-05-24,Exchange Rate,USD to PKR,282.940549
2025-05-24,Inflation,CPI Inflation,12.6325318530452
2025-05-24,Gold,24K  - 1 Tola Gold Rate in Pakistan,Rs. 349400.00
2025-05-24,Gold,24K (10 Gram) Gold Price in Pakistan,Rs. 299559.3
2025-05-24,Gold,24K  Gold  Rate 1 Gram,Rs. 29955.93
2025-05-25,Exchange Rate,USD to PKR,281.844381
2025-05-25,Inflation,CPI Inflation,12.6325318530452
2025-05-25,Gold,24K  - 1 Tola Gold Rate in Pakistan,Rs. 354100.00
2025-05-25,Gold,24K (10 Gram) Gold Price in Pakistan,Rs. 303588.9
2025-05-25,Gold,24K  Gold  Rate 1 Gram,Rs. 30358.89
2025-05-26,Exchange Rate,USD to PKR,281.815433
2025-05-26,Inflation,CPI Inflation,12.6325318530452
2025-05-26,Gold,24K  - 1 Tola Gold Rate in Pakistan,Rs. 354100.00
2025-05-26,Gold,24K (10 Gram) Gold Price in Pakistan,Rs. 303588.9
2025-05-26,Gold,24K  Gold  Rate 1 Gram,Rs. 30358.89
2025-05-27,Exchange Rate,USD to PKR,281.792451
2025-05-27,Inflation,CPI Inflation,12.6325318530452
2025-05-27,Gold,24K  - 1 Tola Gold Rate in Pakistan,Rs. 350900.00
2025-05-27,Gold,24K (10 Gram) Gold Price in Pakistan,Rs. 300845.4
2025-05-27,Gold,24K  Gold  Rate 1 Gram,Rs. 30084.54
2025-05-28,Exchange Rate,USD to PKR,282.497507
2025-05-28,Inflation,CPI Inflation,12.6325318530452
2025-05-28,Gold,24K  - 1 Tola Gold Rate in Pakistan,Rs. 347100.00
2025-05-28,Gold,24K (10 Gram) Gold Price in Pakistan,Rs. 297587.4
2025-05-28,Gold,24K  Gold  Rate 1 Gram,Rs. 29758.74
2025-05-29,Exchange Rate,USD to PKR,282.280471
2025-05-29,Inflation,CPI Inflation,12.6325318530452
2025-05-29,Gold,24K  - 1 Tola Gold Rate in Pakistan,Rs. 347100.00
2025-05-29,Gold,24K (10 Gram) Gold Price in Pakistan,Rs. 297587.4
2025-05-29,Gold,24K  Gold  Rate 1 Gram,Rs. 29758.74
2025-05-30,Exchange Rate,USD to PKR,281.980523
2025-05-30,Inflation,CPI Inflation,12.6325318530452
2025-05-30,Gold,24K  - 1 Tola Gold Rate in Pakistan,Rs. 347400.00
2025-05-30,Gold,24K (10 Gram) Gold Price in Pakistan,Rs. 297844.6
2025-05-30,Gold,24K  Gold  Rate 1 Gram,Rs. 29784.46
2025-05-31,Exchange Rate,USD to PKR,281.967888
2025-05-31,Inflation,CPI Inflation,12.6325318530452
2025-05-31,Gold,24K  - 1 Tola Gold Rate in Pakistan,Rs. 346900.00
2025-05-31,Gold,24K (10 Gram) Gold Price in Pakistan,Rs. 297415.9
2025-05-31,Gold,24K  Gold  Rate 1 Gram,Rs. 29741.59
2025-06-01,Exchange Rate,USD to PKR,281.865411
2025-06-01,Inflation,CPI Inflation,12.6325318530452
2025-06-01,Gold,24K  - 1 Tola Gold Rate in Pakistan,Rs. 346900.00
2025-06-01,Gold,24K (10 Gram) Gold Price in Pakistan,Rs. 297415.9
2025-06-01,Gold,24K  Gold  Rate 1 Gram,Rs. 29741.59
2025-06-02,Exchange Rate,USD to PKR,281.864247
2025-06-02,Inflation,CPI Inflation,12.6325318530452
2025-06-02,Gold,24K  - 1 Tola Gold Rate in Pakistan,Rs. 346900.00
2025-06-02,Gold,24K (10 Gram) Gold Price in Pakistan,Rs. 297415.9
2025-06-02,Gold,24K  Gold  Rate 1 Gram,Rs. 29741.59
2025-06-03,Exchange Rate,USD to PKR,281.712139
2025-06-03,Inflation,CPI Inflation,12.6325318530452
2025-06-03,Gold,24K  - 1 Tola Gold Rate in Pakistan,Rs. 351800.00
2025-06-03,Gold,24K (10 Gram) Gold Price in Pakistan,Rs. 301617
2025-06-03,Gold,24K  Gold  Rate 1 Gram,Rs. 30161.7
2025-06-04,Exchange Rate,USD to PKR,282.543935
2025-06-04,Inflation,CPI Inflation,12.6325318530452
2025-06-04,Gold,24K  - 1 Tola Gold Rate in Pakistan,Rs. 350800.00
2025-06-04,Gold,24K (10 Gram) Gold Price in Pakistan,Rs. 300759.6
2025-06-04,Gold,24K  Gold  Rate 1 Gram,Rs. 30075.96
2025-06-05,Exchange Rate,USD to PKR,282.337953
2025-06-05,Inflation,CPI Inflation,12.6325318530452
2025-06-05,Gold,24K  - 1 Tola Gold Rate in Pakistan,Rs. 353600.00
2025-06-05,Gold,24K (10 Gram) Gold Price in Pakistan,Rs. 303160.2
2025-06-05,Gold,24K  Gold  Rate 1 Gram,Rs. 30316.02
2025-06-06,Exchange Rate,USD to PKR,282.399164
2025-06-06,Inflation,CPI Inflation,12.6325318530452
2025-06-06,Gold,24K  - 1 Tola Gold Rate in Pakistan,Rs. 357100.00
2025-06-06,Gold,24K (10 Gram) Gold Price in Pakistan,Rs. 306160.9
2025-06-06,Gold,24K  Gold  Rate 1 Gram,Rs. 30616.09
2025-06-07,Exchange Rate,USD to PKR,282.134179
2025-06-07,Inflation,CPI Inflation,12.6325318530452
2025-06-07,Gold,24K  - 1 Tola Gold Rate in Pakistan,Rs. 354900.00
2025-06-07,Gold,24K (10 Gram) Gold Price in Pakistan,Rs. 304274.8
2025-06-07,Gold,24K  Gold  Rate 1 Gram,Rs. 30427.48
2025-06-08,Exchange Rate,USD to PKR,282.075467
2025-06-08,Inflation,CPI Inflation,12.6325318530452
2025-06-08,Gold,24K  - 1 Tola Gold Rate in Pakistan,Rs. 354900.00
2025-06-08,Gold,24K (10 Gram) Gold Price in Pakistan,Rs. 304274.8
2025-06-08,Gold,24K  Gold  Rate 1 Gram,Rs. 30427.48
2025-06-09,Exchange Rate,USD to PKR,282.262429
2025-06-09,Inflation,CPI Inflation,12.6325318530452
2025-06-09,Gold,24K  - 1 Tola Gold Rate in Pakistan,Rs. 354900.00
2025-06-09,Gold,24K (10 Gram) Gold Price in Pakistan,Rs. 304274.8
2025-06-09,Gold,24K  Gold  Rate 1 Gram,Rs. 30427.48
2025-06-10,Exchange Rate,USD to PKR,282.427173
2025-06-10,Inflation,CPI Inflation,12.6325318530452
2025-06-10,Gold,24K  - 1 Tola Gold Rate in Pakistan,Rs. 354900.00
2025-06-10,Gold,24K (10 Gram) Gold Price in Pakistan,Rs. 304274.8
2025-06-10,Gold,24K  Gold  Rate 1 Gram,Rs. 30427.48
2025-06-11,Exchange Rate,USD to PKR,282.296764
2025-06-11,Inflation,CPI Inflation,12.6325318530452
2025-06-11,Gold,24K  - 1 Tola Gold Rate in Pakistan,Rs. 354900.00
2025-06-11,Gold,24K (10 Gram) Gold Price in Pakistan,Rs. 304274.8
2025-06-11,Gold,24K  Gold  Rate 1 Gram,Rs. 30427.48
2025-06-12,Exchange Rate,USD to PKR,281.762183
2025-06-12,Inflation,CPI Inflation,12.6325318530452
2025-06-12,Gold,24K  - 1 Tola Gold Rate in Pakistan,Rs. 354200.00
2025-06-12,Gold,24K (10 Gram) Gold Price in Pakistan,Rs. 303674.6
2025-06-12,Gold,24K  Gold  Rate 1 Gram,Rs. 30367.46
2025-06-13,Exchange Rate,USD to PKR,282.707457
2025-06-13,Inflation,CPI Inflation,12.6325318530452
2025-06-13,Gold,24K  - 1 Tola Gold Rate in Pakistan,Rs. 355800.00
2025-06-13,Gold,24K (10 Gram) Gold Price in Pakistan,Rs. 305046.4
2025-06-13,Gold,24K  Gold  Rate 1 Gram,Rs. 30504.64
2025-06-14,Exchange Rate,USD to PKR,282.948076
2025-06-14,Inflation,CPI Inflation,12.6325318530452
2025-06-14,Gold,24K  - 1 Tola Gold Rate in Pakistan,Rs. 359100.00
2025-06-14,Gold,24K (10 Gram) Gold Price in Pakistan,Rs. 307875.6
2025-06-14,Gold,24K  Gold  Rate 1 Gram,Rs. 30787.56
2025-06-15,Exchange Rate,USD to PKR,282.806909
2025-06-15,Inflation,CPI Inflation,12.6325318530452
2025-06-15,Gold,24K  - 1 Tola Gold Rate in Pakistan,Rs. 366400.00
2025-06-15,Gold,24K (10 Gram) Gold Price in Pakistan,Rs. 314134.3
2025-06-15,Gold,24K  Gold  Rate 1 Gram,Rs. 31413.43
2025-06-16,Exchange Rate,USD to PKR,282.845815
2025-06-16,Inflation,CPI Inflation,12.6325318530452
2025-06-16,Gold,24K  - 1 Tola Gold Rate in Pakistan,Rs. 366400.00
2025-06-16,Gold,24K (10 Gram) Gold Price in Pakistan,Rs. 314134.3
2025-06-16,Gold,24K  Gold  Rate 1 Gram,Rs. 31413.43
2025-06-17,Exchange Rate,USD to PKR,283.149213
2025-06-17,Inflation,CPI Inflation,12.6325318530452
2025-06-17,Gold,24K  - 1 Tola Gold Rate in Pakistan,Rs. 365400.00
2025-06-17,Gold,24K (10 Gram) Gold Price in Pakistan,Rs. 313277
2025-06-17,Gold,24K  Gold  Rate 1 Gram,Rs. 31327.7
2025-06-18,Exchange Rate,USD to PKR,283.381298
2025-06-18,Inflation,CPI Inflation,12.6325318530452
2025-06-18,Gold,24K  - 1 Tola Gold Rate in Pakistan,Rs. 360700.00
2025-06-18,Gold,24K (10 Gram) Gold Price in Pakistan,Rs. 309247.4
2025-06-18,Gold,24K  Gold  Rate 1 Gram,Rs. 30924.74
2025-06-19,Exchange Rate,USD to PKR,283.518764
2025-06-19,Inflation,CPI Inflation,12.6325318530452
2025-06-19,Gold,24K  - 1 Tola Gold Rate in Pakistan,Rs. 360100.00
2025-06-19,Gold,24K (10 Gram) Gold Price in Pakistan,Rs. 308733
2025-06-19,Gold,24K  Gold  Rate 1 Gram,Rs. 30873.3
2025-06-20,Exchange Rate,USD to PKR,283.630294
2025-06-20,Inflation,CPI Inflation,12.6325318530452
2025-06-20,Gold,24K  - 1 Tola Gold Rate in Pakistan,Rs. 359100.00
2025-06-20,Gold,24K (10 Gram) Gold Price in Pakistan,Rs. 307875.6
2025-06-20,Gold,24K  Gold  Rate 1 Gram,Rs. 30787.56
2025-06-21,Exchange Rate,USD to PKR,283.604244
2025-06-21,Inflation,CPI Inflation,12.6325318530452
2025-06-21,Gold,24K  - 1 Tola Gold Rate in Pakistan,Rs. 358600.00
2025-06-21,Gold,24K (10 Gram) Gold Price in Pakistan,Rs. 307447
2025-06-21,Gold,24K  Gold  Rate 1 Gram,Rs. 30744.7
2025-06-22,Exchange Rate,USD to PKR,283.528286
2025-06-22,Inflation,CPI Inflation,12.6325318530452
2025-06-22,Gold,24K  - 1 Tola Gold Rate in Pakistan,Rs. 358500.00
2025-06-22,Gold,24K (10 Gram) Gold Price in Pakistan,Rs. 307361.2
2025-06-22,Gold,24K  Gold  Rate 1 Gram,Rs. 30736.12
2025-06-23,Exchange Rate,USD to PKR,284.095742
2025-06-23,Inflation,CPI Inflation,12.6325318530452
2025-06-23,Gold,24K  - 1 Tola Gold Rate in Pakistan,Rs. 358500.00
2025-06-23,Gold,24K (10 Gram) Gold Price in Pakistan,Rs. 307361.2
2025-06-23,Gold,24K  Gold  Rate 1 Gram,Rs. 30736.12
2025-06-24,Exchange Rate,USD to PKR,283.756046
2025-06-24,Inflation,CPI Inflation,12.6325318530452
2025-06-24,Gold,24K  - 1 Tola Gold Rate in Pakistan,Rs. 361800.00
2025-06-24,Gold,24K (10 Gram) Gold Price in Pakistan,Rs. 310190.5
2025-06-24,Gold,24K  Gold  Rate 1 Gram,Rs. 31019.05
2025-06-25,Exchange Rate,USD to PKR,283.678806
2025-06-25,Inflation,CPI Inflation,12.6325318530452
2025-06-25,Gold,24K  - 1 Tola Gold Rate in Pakistan,Rs. 355800.00
2025-06-25,Gold,24K (10 Gram) Gold Price in Pakistan,Rs. 305046.4
2025-06-25,Gold,24K  Gold  Rate 1 Gram,Rs. 30504.64
2025-06-26,Exchange Rate,USD to PKR,283.633399
2025-06-26,Inflation,CPI Inflation,12.6325318530452
2025-06-26,Gold,24K  - 1 Tola Gold Rate in Pakistan,Rs. 356800.00
2025-06-26,Gold,24K (10 Gram) Gold Price in Pakistan,Rs. 305903.7
2025-06-26,Gold,24K  Gold  Rate 1 Gram,Rs. 30590.37
2025-06-27,Exchange Rate,USD to PKR,283.748527
2025-06-27,Inflation,CPI Inflation,12.6325318530452
2025-06-27,Gold,24K  - 1 Tola Gold Rate in Pakistan,Rs. 355800.00
2025-06-27,Gold,24K (10 Gram) Gold Price in Pakistan,Rs. 305046.4
2025-06-27,Gold,24K  Gold  Rate 1 Gram,Rs. 30504.64
2025-06-28,Exchange Rate,USD to PKR,283.673561
2025-06-28,Inflation,CPI Inflation,12.6325318530452
2025-06-28,Gold,24K  - 1 Tola Gold Rate in Pakistan,Rs. 351800.00
2025-06-28,Gold,24K (10 Gram) Gold Price in Pakistan,Rs. 301617
2025-06-28,Gold,24K  Gold  Rate 1 Gram,Rs. 30161.7
2025-06-29,Exchange Rate,USD to PKR,283.528013
2025-06-29,Inflation,CPI Inflation,12.6325318530452
2025-06-29,Gold,24K  - 1 Tola Gold Rate in Pakistan,Rs. 352100.00
2025-06-29,Gold,24K (10 Gram) Gold Price in Pakistan,Rs. 301874.2
2025-06-29,Gold,24K  Gold  Rate 1 Gram,Rs. 30187.42
2025-06-30,Exchange Rate,USD to PKR,283.878830
2025-06-30,Inflation,CPI Inflation,12.6325318530452
2025-06-30,Gold,24K  - 1 Tola Gold Rate in Pakistan,Rs. 352100.00
2025-06-30,Gold,24K (10 Gram) Gold Price in Pakistan,Rs. 301874.2
2025-06-30,Gold,24K  Gold  Rate 1 Gram,Rs. 30187.42
2025-07-01,Exchange Rate,USD to PKR,283.886480
2025-07-01,Inflation,CPI Inflation,12.6325318530452
2025-07-01,Gold,24K  - 1 Tola Gold Rate in Pakistan,Rs. 350100.00
2025-07-01,Gold,24K (10 Gram) Gold Price in Pakistan,Rs. 300159.5
2025-07-01,Gold,24K  Gold  Rate 1 Gram,Rs. 30015.95
2025-07-02,Exchange Rate,USD to PKR,283.877567
2025-07-02,Inflation,CPI Inflation,12.6325318530452
2025-07-02,Gold,24K  - 1 Tola Gold Rate in Pakistan,Rs. 354600.00
2025-07-02,Gold,24K (10 Gram) Gold Price in Pakistan,Rs. 304017.6
2025-07-02,Gold,24K  Gold  Rate 1 Gram,Rs. 30401.76
2025-07-03,Exchange Rate,USD to PKR,283.951685
2025-07-03,Inflation,CPI Inflation,12.6325318530452
2025-07-03,Gold,24K  - 1 Tola Gold Rate in Pakistan,Rs. 355200.00
2025-07-03,Gold,24K (10 Gram) Gold Price in Pakistan,Rs. 304532
2025-07-03,Gold,24K  Gold  Rate 1 Gram,Rs. 30453.2
2025-07-04,Exchange Rate,USD to PKR,284.113991
2025-07-04,Inflation,CPI Inflation,12.6325318530452
2025-07-04,Gold,24K  - 1 Tola Gold Rate in Pakistan,Rs. 354900.00
2025-07-04,Gold,24K (10 Gram) Gold Price in Pakistan,Rs. 304274.8
2025-07-04,Gold,24K  Gold  Rate 1 Gram,Rs. 30427.48
2025-07-05,Exchange Rate,USD to PKR,283.811578
2025-07-05,Inflation,CPI Inflation,12.6325318530452
2025-07-05,Gold,24K  - 1 Tola Gold Rate in Pakistan,Rs. 356100.00
2025-07-05,Gold,24K (10 Gram) Gold Price in Pakistan,Rs. 305303.6
2025-07-05,Gold,24K  Gold  Rate 1 Gram,Rs. 30530.36
2025-07-06,Exchange Rate,USD to PKR,284.159639
2025-07-06,Inflation,CPI Inflation,12.6325318530452
2025-07-06,Gold,24K  - 1 Tola Gold Rate in Pakistan,Rs. 356100.00
2025-07-06,Gold,24K (10 Gram) Gold Price in Pakistan,Rs. 305303.6
2025-07-06,Gold,24K  Gold  Rate 1 Gram,Rs. 30530.36
2025-07-07,Exchange Rate,USD to PKR,284.075861
2025-07-07,Inflation,CPI Inflation,12.6325318530452
2025-07-07,Gold,24K  - 1 Tola Gold Rate in Pakistan,Rs. 356100.00
2025-07-07,Gold,24K (10 Gram) Gold Price in Pakistan,Rs. 305303.6
2025-07-07,Gold,24K  Gold  Rate 1 Gram,Rs. 30530.36
2025-07-08,Exchange Rate,USD to PKR,284.062163
2025-07-08,Inflation,CPI Inflation,12.6325318530452
2025-07-08,Gold,24K  - 1 Tola Gold Rate in Pakistan,Rs. 353600.00
2025-07-08,Gold,24K (10 Gram) Gold Price in Pakistan,Rs. 303160.2
2025-07-08,Gold,24K  Gold  Rate 1 Gram,Rs. 30316.02
2025-07-09,Exchange Rate,USD to PKR,284.350478
2025-07-09,Inflation,CPI Inflation,12.6325318530452
2025-07-09,Gold,24K  - 1 Tola Gold Rate in Pakistan,Rs. 355000.00
2025-07-09,Gold,24K (10 Gram) Gold Price in Pakistan,Rs. 304360.5
2025-07-09,Gold,24K  Gold  Rate 1 Gram,Rs. 30436.05
2025-07-10,Exchange Rate,USD to PKR,284.561565
2025-07-10,Inflation,CPI Inflation,12.6325318530452
2025-07-10,Gold,24K  - 1 Tola Gold Rate in Pakistan,Rs. 355200.00
2025-07-10,Gold,24K (10 Gram) Gold Price in Pakistan,Rs. 304532
2025-07-10,Gold,24K  Gold  Rate 1 Gram,Rs. 30453.2
2025-07-11,Exchange Rate,USD to PKR,284.446958
2025-07-11,Inflation,CPI Inflation,12.6325318530452
2025-07-11,Gold,24K  - 1 Tola Gold Rate in Pakistan,Rs. 357300.00
2025-07-11,Gold,24K (10 Gram) Gold Price in Pakistan,Rs. 306332.4
2025-07-11,Gold,24K  Gold  Rate 1 Gram,Rs. 30633.24
2025-07-12,Exchange Rate,USD to PKR,284.374107
2025-07-12,Inflation,CPI Inflation,12.6325318530452
2025-07-12,Gold,24K  - 1 Tola Gold Rate in Pakistan,Rs. 359900.00
2025-07-12,Gold,24K (10 Gram) Gold Price in Pakistan,Rs. 308561.5
2025-07-12,Gold,24K  Gold  Rate 1 Gram,Rs. 30856.15
2025-07-13,Exchange Rate,USD to PKR,284.332212
2025-07-13,Inflation,CPI Inflation,12.6325318530452
2025-07-13,Gold,24K  - 1 Tola Gold Rate in Pakistan,Rs. 359600.00
2025-07-13,Gold,24K (10 Gram) Gold Price in Pakistan,Rs. 308304.3
2025-07-13,Gold,24K  Gold  Rate 1 Gram,Rs. 30830.43
2025-07-14,Exchange Rate,USD to PKR,284.425480
2025-07-14,Inflation,CPI Inflation,12.6325318530452
2025-07-14,Gold,24K  - 1 Tola Gold Rate in Pakistan,Rs. 359600.00
2025-07-14,Gold,24K (10 Gram) Gold Price in Pakistan,Rs. 308304.3
2025-07-14,Gold,24K  Gold  Rate 1 Gram,Rs. 30830.43
2025-07-15,Exchange Rate,USD to PKR,284.726824
2025-07-15,Inflation,CPI Inflation,12.6325318530452
2025-07-15,Gold,24K  - 1 Tola Gold Rate in Pakistan,Rs. 361000.00
2025-07-15,Gold,24K (10 Gram) Gold Price in Pakistan,Rs. 309504.6
2025-07-15,Gold,24K  Gold  Rate 1 Gram,Rs. 30950.46
2025-07-16,Exchange Rate,USD to PKR,285.246826
2025-07-16,Inflation,CPI Inflation,12.6325318530452
2025-07-16,Gold,24K  - 1 Tola Gold Rate in Pakistan,Rs. 359400.00
2025-07-16,Gold,24K (10 Gram) Gold Price in Pakistan,Rs. 308132.9
2025-07-16,Gold,24K  Gold  Rate 1 Gram,Rs. 30813.29
2025-07-17,Exchange Rate,USD to PKR,284.969341
2025-07-17,Inflation,CPI Inflation,12.6325318530452
2025-07-17,Gold,24K  - 1 Tola Gold Rate in Pakistan,Rs. 358900.00
2025-07-17,Gold,24K (10 Gram) Gold Price in Pakistan,Rs. 307704.2
2025-07-17,Gold,24K  Gold  Rate 1 Gram,Rs. 30770.42
2025-07-18,Exchange Rate,USD to PKR,284.730407
2025-07-18,Inflation,CPI Inflation,12.6325318530452
2025-07-18,Gold,24K  - 1 Tola Gold Rate in Pakistan,Rs. 360200.00
2025-07-18,Gold,24K (10 Gram) Gold Price in Pakistan,Rs. 308818.7
2025-07-18,Gold,24K  Gold  Rate 1 Gram,Rs. 30881.87
2025-07-19,Exchange Rate,USD to PKR,284.933622
2025-07-19,Inflation,CPI Inflation,12.6325318530452
2025-07-19,Gold,24K  - 1 Tola Gold Rate in Pakistan,Rs. 360300.00
2025-07-19,Gold,24K (10 Gram) Gold Price in Pakistan,Rs. 308904.5
2025-07-19,Gold,24K  Gold  Rate 1 Gram,Rs. 30890.45
2025-07-20,Exchange Rate,USD to PKR,284.733312
2025-07-20,Inflation,CPI Inflation,12.6325318530452
2025-07-20,Gold,24K  - 1 Tola Gold Rate in Pakistan,Rs. 360100.00
2025-07-20,Gold,24K (10 Gram) Gold Price in Pakistan,Rs. 308733
2025-07-20,Gold,24K  Gold  Rate 1 Gram,Rs. 30873.3
2025-07-21,Exchange Rate,USD to PKR,285.013957
2025-07-21,Inflation,CPI Inflation,12.6325318530452
2025-07-21,Gold,24K  - 1 Tola Gold Rate in Pakistan,Rs. 360100.00
2025-07-21,Gold,24K (10 Gram) Gold Price in Pakistan,Rs. 308733
2025-07-21,Gold,24K  Gold  Rate 1 Gram,Rs. 30873.3
2025-07-22,Exchange Rate,USD to PKR,284.659586
2025-07-22,Inflation,CPI Inflation,12.6325318530452
2025-07-22,Gold,24K  - 1 Tola Gold Rate in Pakistan,Rs. 363400.00
2025-07-22,Gold,24K (10 Gram) Gold Price in Pakistan,Rs. 311562.3
2025-07-22,Gold,24K  Gold  Rate 1 Gram,Rs. 31156.23
2025-07-23,Exchange Rate,USD to PKR,284.753238
2025-07-23,Inflation,CPI Inflation,12.6325318530452
2025-07-23,Gold,24K  - 1 Tola Gold Rate in Pakistan,Rs. 362900.00
2025-07-23,Gold,24K (10 Gram) Gold Price in Pakistan,Rs. 311133.6
2025-07-23,Gold,24K  Gold  Rate 1 Gram,Rs. 31113.36
2025-07-24,Exchange Rate,USD to PKR,284.337985
2025-07-24,Inflation,CPI Inflation,12.6325318530452
2025-07-24,Gold,24K  - 1 Tola Gold Rate in Pakistan,Rs. 366600.00
2025-07-24,Gold,24K (10 Gram) Gold Price in Pakistan,Rs. 314305.8
2025-07-24,Gold,24K  Gold  Rate 1 Gram,Rs. 31430.58
2025-07-25,Exchange Rate,USD to PKR,283.921105
2025-07-25,Inflation,CPI Inflation,12.6325318530452
2025-07-25,Gold,24K  - 1 Tola Gold Rate in Pakistan,Rs. 363300.00
2025-07-25,Gold,24K (10 Gram) Gold Price in Pakistan,Rs. 311476.5
2025-07-25,Gold,24K  Gold  Rate 1 Gram,Rs. 31147.65
2025-07-26,Exchange Rate,USD to PKR,282.936303
2025-07-26,Inflation,CPI Inflation,12.6325318530452
2025-07-27,Exchange Rate,USD to PKR,283.207748
2025-07-27,Inflation,CPI Inflation,12.6325318530452
2025-07-27,Gold,24K  - 1 Tola Gold Rate in Pakistan,Rs. 360900.00
2025-07-27,Gold,24K (10 Gram) Gold Price in Pakistan,Rs. 309418.9
2025-07-27,Gold,24K  Gold  Rate 1 Gram,Rs. 30941.89
2025-07-28,Exchange Rate,USD to PKR,283.239204
2025-07-28,Inflation,CPI Inflation,12.6325318530452
2025-07-28,Gold,24K  - 1 Tola Gold Rate in Pakistan,Rs. 360900.00
2025-07-28,Gold,24K (10 Gram) Gold Price in Pakistan,Rs. 309418.9
2025-07-28,Gold,24K  Gold  Rate 1 Gram,Rs. 30941.89
2025-07-29,Exchange Rate,USD to PKR,283.317709
2025-07-29,Inflation,CPI Inflation,12.6325318530452
2025-07-29,Gold,24K  - 1 Tola Gold Rate in Pakistan,Rs. 361200.00
2025-07-29,Gold,24K (10 Gram) Gold Price in Pakistan,Rs. 309676.1
2025-07-29,Gold,24K  Gold  Rate 1 Gram,Rs. 30967.61
2025-07-30,Exchange Rate,USD to PKR,283.276383
2025-07-30,Inflation,CPI Inflation,12.6325318530452
2025-07-30,Gold,24K  - 1 Tola Gold Rate in Pakistan,Rs. 359900.00
2025-07-30,Gold,24K (10 Gram) Gold Price in Pakistan,Rs. 308561.5
2025-07-30,Gold,24K  Gold  Rate 1 Gram,Rs. 30856.15
2025-07-31,Exchange Rate,USD to PKR,283.582187
2025-07-31,Inflation,CPI Inflation,12.6325318530452
2025-07-31,Gold,24K  - 1 Tola Gold Rate in Pakistan,Rs. 360500.00
2025-07-31,Gold,24K (10 Gram) Gold Price in Pakistan,Rs. 309075.9
2025-07-31,Gold,24K  Gold  Rate 1 Gram,Rs. 30907.59
2025-08-01,Exchange Rate,USD to PKR,283.584617
2025-08-01,Inflation,CPI Inflation,12.6325318530452
2025-08-01,Gold,24K  - 1 Tola Gold Rate in Pakistan,Rs. 358700.00
2025-08-01,Gold,24K (10 Gram) Gold Price in Pakistan,Rs. 307532.7
2025-08-01,Gold,24K  Gold  Rate 1 Gram,Rs. 30753.27
2025-08-02,Exchange Rate,USD to PKR,283.615743
2025-08-02,Inflation,CPI Inflation,12.6325318530452
2025-08-02,Gold,24K  - 1 Tola Gold Rate in Pakistan,Rs. 361100.00
2025-08-02,Gold,24K (10 Gram) Gold Price in Pakistan,Rs. 309590.4
2025-08-02,Gold,24K  Gold  Rate 1 Gram,Rs. 30959.04
2025-08-03,Exchange Rate,USD to PKR,282.838964
2025-08-03,Inflation,CPI Inflation,12.6325318530452
2025-08-03,Gold,24K  - 1 Tola Gold Rate in Pakistan,Rs. 361100.00
2025-08-03,Gold,24K (10 Gram) Gold Price in Pakistan,Rs. 309590.4
2025-08-03,Gold,24K  Gold  Rate 1 Gram,Rs. 30959.04
2025-08-04,Exchange Rate,USD to PKR,282.847932
2025-08-04,Inflation,CPI Inflation,12.6325318530452
2025-08-04,Gold,24K  - 1 Tola Gold Rate in Pakistan,Rs. 361100.00
2025-08-04,Gold,24K (10 Gram) Gold Price in Pakistan,Rs. 309590.4
2025-08-04,Gold,24K  Gold  Rate 1 Gram,Rs. 30959.04
2025-08-05,Exchange Rate,USD to PKR,283.180828
2025-08-05,Inflation,CPI Inflation,12.6325318530452
2025-08-05,Gold,24K  - 1 Tola Gold Rate in Pakistan,Rs. 363500.00
2025-08-05,Gold,24K (10 Gram) Gold Price in Pakistan,Rs. 311648
2025-08-05,Gold,24K  Gold  Rate 1 Gram,Rs. 31164.8
2025-08-06,Exchange Rate,USD to PKR,283.501036
2025-08-06,Inflation,CPI Inflation,12.6325318530452
2025-08-06,Gold,24K  - 1 Tola Gold Rate in Pakistan,Rs. 362500.00
2025-08-06,Gold,24K (10 Gram) Gold Price in Pakistan,Rs. 310790.7
2025-08-06,Gold,24K  Gold  Rate 1 Gram,Rs. 31079.07
2025-08-07,Exchange Rate,USD to PKR,283.678530
2025-08-07,Inflation,CPI Inflation,12.6325318530452
2025-08-07,Gold,24K  - 1 Tola Gold Rate in Pakistan,Rs. 362300.00
2025-08-07,Gold,24K (10 Gram) Gold Price in Pakistan,Rs. 310619.2
2025-08-07,Gold,24K  Gold  Rate 1 Gram,Rs. 31061.92
2025-08-08,Exchange Rate,USD to PKR,283.434085
2025-08-08,Inflation,CPI Inflation,12.6325318530452
2025-08-08,Gold,24K  - 1 Tola Gold Rate in Pakistan,Rs. 363800.00
2025-08-08,Gold,24K (10 Gram) Gold Price in Pakistan,Rs. 311905.2
2025-08-08,Gold,24K  Gold  Rate 1 Gram,Rs. 31190.52
2025-08-09,Exchange Rate,USD to PKR,283.645952
2025-08-09,Inflation,CPI Inflation,12.6325318530452
2025-08-09,Gold,24K  - 1 Tola Gold Rate in Pakistan,Rs. 363800.00
2025-08-09,Gold,24K (10 Gram) Gold Price in Pakistan,Rs. 311905.2
2025-08-09,Gold,24K  Gold  Rate 1 Gram,Rs. 31190.52
2025-08-10,Exchange Rate,USD to PKR,283.245978
2025-08-10,Inflation,CPI Inflation,12.6325318530452
2025-08-10,Gold,24K  - 1 Tola Gold Rate in Pakistan,Rs. 362950.00
2025-08-10,Gold,24K (10 Gram) Gold Price in Pakistan,Rs. 311176.5
2025-08-10,Gold,24K  Gold  Rate 1 Gram,Rs. 31117.65
2025-08-11,Exchange Rate,USD to PKR,283.646634
2025-08-11,Inflation,CPI Inflation,12.6325318530452
2025-08-11,Gold,24K  - 1 Tola Gold Rate in Pakistan,Rs. 362950.00
2025-08-11,Gold,24K (10 Gram) Gold Price in Pakistan,Rs. 311176.5
2025-08-11,Gold,24K  Gold  Rate 1 Gram,Rs. 31117.65
2025-08-12,Exchange Rate,USD to PKR,283.665899
2025-08-12,Inflation,CPI Inflation,12.6325318530452
2025-08-12,Gold,24K  - 1 Tola Gold Rate in Pakistan,Rs. 360900.00
2025-08-12,Gold,24K (10 Gram) Gold Price in Pakistan,Rs. 309418.9
2025-08-12,Gold,24K  Gold  Rate 1 Gram,Rs. 30941.89
2025-08-13,Exchange Rate,USD to PKR,283.357741
2025-08-13,Inflation,CPI Inflation,12.6325318530452
2025-08-13,Gold,24K  - 1 Tola Gold Rate in Pakistan,Rs. 360700.00
2025-08-13,Gold,24K (10 Gram) Gold Price in Pakistan,Rs. 309247.4
2025-08-13,Gold,24K  Gold  Rate 1 Gram,Rs. 30924.74
